<?xml version="1.0" encoding="UTF-8"?> 
<java version="1.5.0_07" class="java.beans.XMLDecoder"> 
 <object class="edu.rpi.phil.legup.editor.SaveableBoardState"> 
  <void property="boardCells"> 
   <array class="[I" length="2"> 
    <void index="0"> 
     <array class="int" length="2"/> 
    </void> 
    <void index="1"> 
     <array class="int" length="2"/> 
    </void> 
   </array> 
  </void> 
  <void property="bottomLabels"> 
   <array class="int" length="2"> 
    <void index="0"> 
     <int>10</int> 
    </void> 
    <void index="1"> 
     <int>10</int> 
    </void> 
   </array> 
  </void> 
  <void property="height"> 
   <int>2</int> 
  </void> 
  <void property="leftLabels"> 
   <array class="int" length="2"> 
    <void index="0"> 
     <int>30</int> 
    </void> 
    <void index="1"> 
     <int>31</int> 
    </void> 
   </array> 
  </void> 
  <void property="puzzleMod"> 
   <string>TreeTent</string> 
  </void> 
  <void property="rightLabels"> 
   <array class="int" length="2"> 
    <void index="0"> 
     <int>10</int> 
    </void> 
    <void index="1"> 
     <int>10</int> 
    </void> 
   </array> 
  </void> 
  <void property="topLabels"> 
   <array class="int" length="2"> 
    <void index="0"> 
     <int>11</int> 
    </void> 
    <void index="1"> 
     <int>12</int> 
    </void> 
   </array> 
  </void> 
  <void property="width"> 
   <int>2</int> 
  </void> 
 </object> 
</java> 
