<?xml version="1.0" encoding="UTF-8"?> 
<java version="1.5.0_04" class="java.beans.XMLDecoder"> 
 <object class="edu.rpi.phil.legup.editor.SaveableBoardState"> 
  <void property="boardCells"> 
   <array class="[I" length="10"> 
    <void index="0"> 
     <array class="int" length="3"> 
      <void index="1"> 
       <int>1</int> 
      </void> 
     </array> 
    </void> 
    <void index="1"> 
     <array class="int" length="3"> 
      <void index="1"> 
       <int>1</int> 
      </void> 
     </array> 
    </void> 
    <void index="2"> 
     <array class="int" length="3"> 
      <void index="1"> 
       <int>1</int> 
      </void> 
     </array> 
    </void> 
    <void index="3"> 
     <array class="int" length="3"> 
      <void index="1"> 
       <int>1</int> 
      </void> 
     </array> 
    </void> 
    <void index="4"> 
     <array class="int" length="3"> 
      <void index="0"> 
       <int>3</int> 
      </void> 
      <void index="1"> 
       <int>1</int> 
      </void> 
     </array> 
    </void> 
    <void index="5"> 
     <array class="int" length="3"> 
      <void index="1"> 
       <int>1</int> 
      </void> 
     </array> 
    </void> 
    <void index="6"> 
     <array class="int" length="3"> 
      <void index="1"> 
       <int>1</int> 
      </void> 
     </array> 
    </void> 
    <void index="7"> 
     <array class="int" length="3"> 
      <void index="1"> 
       <int>1</int> 
      </void> 
     </array> 
    </void> 
    <void index="8"> 
     <array class="int" length="3"> 
      <void index="1"> 
       <int>1</int> 
      </void> 
     </array> 
    </void> 
    <void index="9"> 
     <array class="int" length="3"> 
      <void index="1"> 
       <int>1</int> 
      </void> 
     </array> 
    </void> 
   </array> 
  </void> 
  <void property="bottomLabels"> 
   <array class="int" length="3"> 
    <void index="0"> 
     <int>15</int> 
    </void> 
    <void index="1"> 
     <int>10</int> 
    </void> 
    <void index="2"> 
     <int>15</int> 
    </void> 
   </array> 
  </void> 
  <void property="height"> 
   <int>10</int> 
  </void> 
  <void property="leftLabels"> 
   <array class="int" length="10"> 
    <void index="0"> 
     <int>30</int> 
    </void> 
    <void index="1"> 
     <int>31</int> 
    </void> 
    <void index="2"> 
     <int>32</int> 
    </void> 
    <void index="3"> 
     <int>33</int> 
    </void> 
    <void index="4"> 
     <int>34</int> 
    </void> 
    <void index="5"> 
     <int>35</int> 
    </void> 
    <void index="6"> 
     <int>36</int> 
    </void> 
    <void index="7"> 
     <int>37</int> 
    </void> 
    <void index="8"> 
     <int>38</int> 
    </void> 
    <void index="9"> 
     <int>39</int> 
    </void> 
   </array> 
  </void> 
  <void property="puzzleMod"> 
   <string>TreeTent</string> 
  </void> 
  <void property="rightLabels"> 
   <array class="int" length="10"> 
    <void index="0"> 
     <int>11</int> 
    </void> 
    <void index="1"> 
     <int>11</int> 
    </void> 
    <void index="2"> 
     <int>11</int> 
    </void> 
    <void index="3"> 
     <int>11</int> 
    </void> 
    <void index="4"> 
     <int>11</int> 
    </void> 
    <void index="5"> 
     <int>11</int> 
    </void> 
    <void index="6"> 
     <int>11</int> 
    </void> 
    <void index="7"> 
     <int>11</int> 
    </void> 
    <void index="8"> 
     <int>11</int> 
    </void> 
    <void index="9"> 
     <int>11</int> 
    </void> 
   </array> 
  </void> 
  <void property="topLabels"> 
   <array class="int" length="3"> 
    <void index="0"> 
     <int>11</int> 
    </void> 
    <void index="1"> 
     <int>12</int> 
    </void> 
    <void index="2"> 
     <int>13</int> 
    </void> 
   </array> 
  </void> 
  <void property="width"> 
   <int>3</int> 
  </void> 
 </object> 
</java> 
