<!-- 00=unknown, 01=tree, 02 =tent, 03=grass-->

<board>
   <rows>8</rows>
   <columns>8</columns>
   <toplabels>
		<label>11</label>
		<label>12</label>
		<label>13</label>
		<label>14</label>
		<label>15</label>
		<label>16</label>
		<label>17</label>
		<label>18</label>
   </toplabels> 
   <bottomlabels>
		<label>12</label>
		<label>10</label>
		<label>14</label>
		<label>10</label>
		<label>12</label>
		<label>10</label>
		<label>11</label>
		<label>11</label>
   </bottomlabels>
   <leftlabels>
		<label>30</label>
		<label>31</label>
		<label>32</label>
		<label>33</label>
		<label>34</label>
		<label>35</label>
		<label>36</label>
		<label>37</label>
   </leftlabels>
   <rightlabels>
		<label>10</label>
		<label>11</label>
		<label>11</label>
		<label>11</label>
		<label>10</label>
		<label>13</label>
		<label>11</label>
		<label>13</label>
   </rightlabels>             

   <initialboard>
		<row>
			<col>00</col>
			<col>00</col>
			<col>00</col>
			<col>00</col>
			<col>00</col>
			<col>00</col>
			<col>00</col>
			<col>00</col>
		</row>
		<row>
			<col>00</col>
			<col>00</col>
			<col>00</col>
			<col>00</col>
			<col>00</col>
			<col>00</col>
			<col>00</col>
			<col>00</col>
		</row>	
   		<row>
			<col>00</col>
			<col>00</col>
			<col>01</col>
			<col>00</col>
			<col>00</col>
			<col>00</col>
			<col>00</col>
			<col>00</col>
		</row>
   		<row>
			<col>00</col>
			<col>00</col>
			<col>00</col>
			<col>01</col>
			<col>00</col>
			<col>00</col>
			<col>01</col>
			<col>00</col>
		</row>
   		<row>
			<col>00</col>
			<col>00</col>
			<col>00</col>
			<col>00</col>
			<col>00</col>
			<col>00</col>
			<col>00</col>
			<col>00</col>
		</row>
   		<row>
			<col>00</col>
			<col>01</col>
			<col>00</col>
			<col>00</col>
			<col>00</col>
			<col>00</col>
			<col>00</col>
			<col>01</col>
		</row>
		<row>
			<col>01</col>
			<col>00</col>
			<col>00</col>
			<col>00</col>
			<col>01</col>
			<col>00</col>
			<col>00</col>
			<col>00</col>
		</row>
		<row>
			<col>00</col>
			<col>01</col>
			<col>00</col>
			<col>01</col>
			<col>00</col>
			<col>01</col>
			<col>00</col>
			<col>00</col>
		</row>							
   </initialboard>
<goalboard>
		<row>
			<col>03</col>
			<col>03</col>
			<col>03</col>
			<col>03</col>
			<col>03</col>
			<col>03</col>
			<col>03</col>
			<col>03</col>
		</row>
		<row>
			<col>03</col>
			<col>03</col>
			<col>02</col>
			<col>03</col>
			<col>03</col>
			<col>03</col>
			<col>03</col>
			<col>03</col>
		</row>	
   		<row>
			<col>03</col>
			<col>03</col>
			<col>01</col>
			<col>03</col>
			<col>03</col>
			<col>03</col>
			<col>02</col>
			<col>03</col>
		</row>
   		<row>
			<col>03</col>
			<col>03</col>
			<col>02</col>
			<col>01</col>
			<col>03</col>
			<col>03</col>
			<col>01</col>
			<col>03</col>
		</row>
   		<row>
			<col>03</col>
			<col>03</col>
			<col>03</col>
			<col>03</col>
			<col>03</col>
			<col>03</col>
			<col>03</col>
			<col>03</col>
		</row>
   		<row>
			<col>02</col>
			<col>01</col>
			<col>02</col>
			<col>03</col>
			<col>02</col>
			<col>03</col>
			<col>03</col>
			<col>01</col>
		</row>
		<row>
			<col>01</col>
			<col>03</col>
			<col>03</col>
			<col>03</col>
			<col>01</col>
			<col>03</col>
			<col>03</col>
			<col>02</col>
		</row>
		<row>
			<col>02</col>
			<col>01</col>
			<col>02</col>
			<col>01</col>
			<col>02</col>
			<col>01</col>
			<col>03</col>
			<col>03</col>
		</row>		   
   </goalboard>
</board>
