<?xml version="1.0" encoding="UTF-8"?> 
<java version="1.5.0_06" class="java.beans.XMLDecoder"> 
 <object class="edu.rpi.phil.legup.editor.SaveableBoardState"> 
  <void property="boardCells"> 
   <array class="[I" length="7"> 
    <void index="0"> 
     <array class="int" length="7"> 
      <void index="6"> 
       <int>32</int> 
      </void> 
     </array> 
    </void> 
    <void index="1"> 
     <array class="int" length="7"> 
      <void index="1"> 
       <int>32</int> 
      </void> 
      <void index="4"> 
       <int>16</int> 
      </void> 
     </array> 
    </void> 
    <void index="2"> 
     <array class="int" length="7"/> 
    </void> 
    <void index="3"> 
     <array class="int" length="7"> 
      <void index="3"> 
       <int>32</int> 
      </void> 
     </array> 
    </void> 
    <void index="4"> 
     <array class="int" length="7"/> 
    </void> 
    <void index="5"> 
     <array class="int" length="7"> 
      <void index="0"> 
       <int>32</int> 
      </void> 
      <void index="2"> 
       <int>16</int> 
      </void> 
      <void index="5"> 
       <int>16</int> 
      </void> 
     </array> 
    </void> 
    <void index="6"> 
     <array class="int" length="7"> 
      <void index="5"> 
       <int>16</int> 
      </void> 
     </array> 
    </void> 
   </array> 
  </void> 
  <void property="bottomLabels"> 
   <array class="int" length="7"/> 
  </void> 
  <void property="extraData"> 
   <object class="java.util.ArrayList"/> 
  </void> 
  <void property="height"> 
   <int>7</int> 
  </void> 
  <void property="leftLabels"> 
   <array class="int" length="7"/> 
  </void> 
  <void property="puzzleMod"> 
   <string>Masyu</string> 
  </void> 
  <void property="rightLabels"> 
   <array class="int" length="7"/> 
  </void> 
  <void property="topLabels"> 
   <array class="int" length="7"/> 
  </void> 
  <void property="width"> 
   <int>7</int> 
  </void> 
 </object> 
</java> 
